model,avg_macro_f1,avg_accuracy,avg_mae,avg_coverage
gemini,0.39577272727272733,0.8238045454545454,0.32165,1.0
qwen,0.18389545454545456,0.3287363636363636,1.0284727272727272,0.7983954545454545
claude,0.16643333333333332,0.6898,0.3102,1.0
