model,avg_qwk_5,avg_mae_5,avg_acc_5,avg_macro_f1_5,avg_macro_f1_3,avg_acc_3,avg_coverage
gemini,0.7729941176470588,0.11048,0.89452,0.42496999999999996,0.64469,0.93048,1.0
claude,0.48207894736842105,0.5499449999999999,0.504255,0.28268499999999996,0.43972999999999995,0.6389750000000001,0.9949999999999999
gpt,0.47363157894736846,0.49013,0.57605,0.30061499999999997,0.4936,0.699115,0.9439500000000001
qwen,0.260305,0.957155,0.31744,0.17287999999999998,0.28112,0.40353000000000006,0.8160149999999999
