model,avg_macro_f1,avg_mae,avg_accuracy
gemini,0.39577272727272733,0.32165,0.8238045454545454
claude_sonet_5,0.2,0.0,1.0
qwen,0.18389545454545456,1.0284727272727272,0.3287363636363636
claude_sonnet_5_iskon,0.1538,0.375,0.625
claude_sonnet_5_tablig,0.1455,0.5556,0.4444
